year,cpi,,,,,,,,,,,,,,
1960,0.065885964,,,,,,,,,,,,,,
1961,0.070023041,,,,,,,,,,,,,,
1962,0.073710197,,,,,,,,,,,,,,
1963,0.071723961,,,,,,,,,,,,,,
1964,0.072338487,,,,,,,,,,,,,,
1965,0.075306867,,,,,,,,,,,,,,
1966,0.082604363,,,,,,,,,,,,,,
1967,0.079526246,,,,,,,,,,,,,,
1968,0.079147654,,,,,,,,,,,,,,
1969,0.087185874,,,,,,,,,,,,,,
1970,0.099180104,,,,,,,,,,,,,,
1971,0.115048043,,,,,,,,,,,,,,
1972,0.119026001,,,,,,,,,,,,,,
1973,0.125456576,,,,,,,,,,,,,,
1974,0.141357436,,,,,,,,,,,,,,
1975,0.189368342,,,,,,,,,,,,,,
1976,0.235384849,,,,,,,,,,,,,,
1977,0.270899325,,,,,,,,,,,,,,
1978,0.329709525,,,,,,,,,,,,,,
1979,0.368317622,,,,,,,,,,,,,,
1980,0.40504722,,,,,,,,,,,,,,
1981,0.489348981,,,,,,,,,,,,,,
1982,0.527017828,,,,,,,,,,,,,,
1983,0.649350954,,,,,,,,,,,,,,
1984,0.765068757,,,,,,,,,,,,,,
1985,0.821954257,,,,,,,,,,,,,,
1986,0.868946627,,,,,,,,,,,,,,
1987,0.967053504,,,,,,,,,,,,,,
1988,1.494206213,,,,,,,,,,,,,,
1989,2.248282603,,,,,,,,,,,,,,
1990,2.413855134,,,,,,,,,,,,,,
1991,2.727824622,,,,,,,,,,,,,,
1992,3.944130052,,,,,,,,,,,,,,
1993,6.198801969,,,,,,,,,,,,,,
1994,9.734084664,,,,,,,,,,,,,,
1995,16.82395412,,,,,,,,,,,,,,
1996,21.74803826,,,,,,,,,,,,,,
1997,23.60311856,,,,,,,,,,,,,,
1998,25.96257554,,,,,,,,,,,,,,
1999,27.68087574,,,,,,,,,,,,,,
2000,29.60007172,,,,,,,,,,,,,,
2001,35.18668454,,,,,,,,,,,,,,
2002,39.71752584,,,,,,,,,,,,,,
2003,45.29060312,,,,,,,,,,,,,,
2004,52.0833031,,,,,,,,,,,,,,
2005,61.38720049,,,,,,,,,,,,,,
2006,66.43643372,,,,,,,,,,,,,,
2007,70.01603406,,,,,,,,,,,,,,
2008,78.1246436,,,,,,,,,,,,,,
2009,87.91977683,,,,,,,,,,,,,,
2010,100,,,100,100,,400,,,,price x current cpi/old cpi,,,,
2011,110.8261372,902.3142241,,105,94.74299353,,600,541.3885345,,,,,,,
2012,124.3737916,804.0279123,,120,96.48334947,,1000,891.0730772,,,,,,,
2013,134.93999,741.0701602,,140,103.7498224,,13000,11982.06174,,previous CPI/current CPI x price you are studying,,,,,https://www.youtube.com/watch?v=kmov0etRXXE
2014,145.7991654,685.8749824,,180,123.4574968,,15000,13882.79449,,https://www.youtube.com/watch?v=_sMt02_qRDY,,,,,
2015,158.9348464,,,,,,,,,https://www.youtube.com/watch?v=lZsiDfYmaoU,,,,,
2016,183.8825515,,,,,,,,,,,,,,
2017,214.2273396,,,,,,,,,,,,,,
2018,240.1383645,,,,,,,,,,,,,,
2019,267.5055467,,,,,,,,,,,,,,
2020,302.9393941,,,,,,,,,,,,,,
2021,354.2962423,,,,,,,,,,,,,,
2022,421.0711203,,,,,,,,,,,,,,
2023,552.4,,,,,,,,,,,,,,
