Village name,Date,Species ID,Age of animal (g),Sex of animal,mass of fresh pangolin (g),mass of whole pangolin scales (g),mass of pangolin scales - head only (g),mass of pangolin scales - tail only (g),mass of pangolin scales - limbs only (g),mass of pangolin scales - body only (g),,,,
Iko Esai,30/10/2020,Black-bellied pangolin,Adult,Female,1510,188,4,114,10,60,,,,
Iko Esai,14/05/2021,Black-bellied pangolin,Adult,Female,922,129,6,41,9,73,,,,
Iko Esai,08/07/2021,Black-bellied pangolin,Adult,Male,794,126,7,42,6,71,,,,
Agoi Ibami,05/08/2021,Black-bellied pangolin,Adult,Female,784,118,4,38,6,70,,,,
Iko Esai,13/09/2020,White-bellied pangolin,Adult,Female,1332,141,10,47,13,71,,,,
Agoi Ibami,07/10/2020,White-bellied pangolin,Young,Male,841,120,4,39,6,71,,,,
Agoi Ibami,16/01/2021,White-bellied pangolin,Adult,Female,846,127,6,40,8,73,,,,
Iko Esai,22/10/2021,White-bellied pangolin,Adult,Female,836,136,12,52,16,56,,,,
Mkpot1,14/09/2021,White-bellied pangolin,Adult,Male,2669,199,13,74,14,98,,,,
Mkpot2, 8/9/2021,White-bellied pangolin,Adult,Male,2671,257,23,92,19,123,,,,
,,,,,,,,,,,,,,
,,,,,,,,,,,,,,
,,,,,,,,,,,,,,
,,,,,,,,,,,,,,
,,,,,,,,,,,,,,
,,,,,,,,,,,,,,
,,,,,,,,,,,,,,
,,,,,,,,,,,,,,
,,,,,,,,,,,,,,
,,,,,,,,,,,,,,
,,,,,,,,,,,,,,
